country,capital,lat,lon
"Aerican Empire","Montreal",45.5033426,-73.5868411
"Afghanistan","Kabul",34.532777777,69.165833333
"Afghanistan","Kabul",34.532777777,69.165833333
"Afghanistan","Kabul",34.532777777,69.165833333
"Albania","Tirana",41.328333333,19.818055555
"Albania","Tirana",41.328333333,19.818055555
"Algeria","Algiers",36.776388888,3.058611111
"Algeria","Algiers",36.776388888,3.058611111
"Algeria","Algiers",36.776388888,3.058611111
"Ancient Carthage","Carthage",36.852558,10.323461
"Andorra","Andorra la Vella",42.507222222,1.522222222
"Andorra","Andorra la Vella",42.507222222,1.522222222
"Angola","Luanda",-8.838333333,13.234444444
"Angola","Luanda",-8.838333333,13.234444444
"Antigua and Barbuda","St. John's",17.121111111,-61.844722222
"Antigua and Barbuda","St. John's",17.121111111,-61.844722222
"Antigua and Barbuda","St. John's",17.121111111,-61.844722222
"Antigua and Barbuda","St. John's",17.121111111,-61.844722222
"Antigua and Barbuda","St. John's",17.121111111,-61.844722222
"Argentina","Buenos Aires",-34.599722222,-58.381944444
"Argentina","Buenos Aires",-34.599722222,-58.381944444
"Armenia","Yerevan",40.181388888,44.514444444
"Armenia","Yerevan",40.181388888,44.514444444
"Aruba","Oranjestad",12.518611111,-70.035833333
"Aruba","Oranjestad",12.518611111,-70.035833333
"Atlantium","Concordia",-34.58333333,138.8
"Australia","Canberra",-35.293055555,149.126944444
"Australia","Canberra",-35.293055555,149.126944444
"Austria","Vienna",48.208333333,16.3725
"Austria","Vienna",48.208333333,16.3725
"Austria","Vienna",48.208333333,16.3725
"Ayyubid Sultanate","Cairo",30.044444444,31.235833333
"Ayyubid Sultanate","Damascus",33.513055555,36.291944444
"Ayyubid Sultanate","Aleppo",36.2,37.16
"Azerbaijan","Baku",40.366655555,49.835183333
"Azerbaijan","Baku",40.366655555,49.835183333
"Bahrain","Manama",26.216666666,50.583333333
"Bahrain","Manama",26.216666666,50.583333333
"Bahrain","Manama",26.216666666,50.583333333
"Bangladesh","Dhaka",23.728888888,90.394444444
"Bangladesh","Dhaka",23.728888888,90.394444444
"Barbados","Bridgetown",13.0975,-59.616666666
"Barbados","Bridgetown",13.0975,-59.616666666
"Barbados","Bridgetown",13.0975,-59.616666666
"Barbados","Bridgetown",13.0975,-59.616666666
"Belarus","Minsk",53.902246,27.561837
"Belarus","Minsk",53.902246,27.561837
"Belarus","Minsk",53.902246,27.561837
"Belgian Empire","City of Brussels",50.846666666,4.351666666
"Belgium","City of Brussels",50.846666666,4.351666666
"Belgium","City of Brussels",50.846666666,4.351666666
"Belize","Belmopan",17.25,-88.7675
"Belize","Belmopan",17.25,-88.7675
"Belize","Belmopan",17.25,-88.7675
"Benin","Porto-Novo",6.483333333,2.616666666
"Benin","Porto-Novo",6.483333333,2.616666666
"Bhutan","Thimphu",27.47135,89.63367
"Bhutan","Thimphu",27.47135,89.63367
"Bhutan","Thimphu",27.47135,89.63367
"Bhutan","Thimphu",27.47135,89.63367
"Bolivia","La Paz",-16.495833333,-68.133333333
"Bolivia","Sucre",-19.0475,-65.26
"Bolivia","La Paz",-16.495833333,-68.133333333
"Bolivia","Sucre",-19.0475,-65.26
"Bolivia","La Paz",-16.495833333,-68.133333333
"Bolivia","Sucre",-19.0475,-65.26
"Bosnia and Herzegovina","Sarajevo",43.856388888,18.413055555
"Bosnia and Herzegovina","Sarajevo",43.856388888,18.413055555
"Bosnia and Herzegovina","Sarajevo",43.856388888,18.413055555
"Botswana","Gaborone",-24.656944444,25.908611111
"Botswana","Gaborone",-24.656944444,25.908611111
"Botswana","Gaborone",-24.656944444,25.908611111
"Brandenburg-Prussia","Berlin",52.516666666,13.383333333
"Brandenburg-Prussia","Königsberg",54.711472222,20.509305555
"Brazil","Brasília",-15.793888888,-47.882777777
"Brazil","Brasília",-15.793888888,-47.882777777
"British Empire","London",51.507222222,-0.1275
"British North Borneo","Kudat",6.883333333,116.833333333
"British North Borneo","Sandakan",5.83878,118.11729
"British North Borneo","Kota Kinabalu",5.975,116.0725
"Brunei","Bandar Seri Begawan",4.916666666,114.916666666
"Brunei","Bandar Seri Begawan",4.916666666,114.916666666
"Bulgaria","Sofia",42.697886,23.321726
"Bulgaria","Sofia",42.697886,23.321726
"Burgundian State","Dijon",47.323055555,5.041944444
"Burkina Faso","Ouagadougou",12.368611111,-1.5275
"Burkina Faso","Ouagadougou",12.368611111,-1.5275
"Burkina Faso","Ouagadougou",12.368611111,-1.5275
"Burundi","Gitega",-3.428333333,29.925
"Burundi","Gitega",-3.428333333,29.925
"Burundi","Gitega",-3.428333333,29.925
"Cambodia","Phnom Penh",11.569583333,104.921027777
"Cambodia","Phnom Penh",11.569583333,104.921027777
"Cameroon","Yaoundé",3.857777777,11.518055555
"Cameroon","Yaoundé",3.857777777,11.518055555
"Canada","Ottawa",45.424722222,-75.695
"Canada","Ottawa",45.424722222,-75.695
"Cape Verde","Praia",14.917719444,-23.509155555
"Cape Verde","Praia",14.917719444,-23.509155555
"Cape Verde","Praia",14.917719444,-23.509155555
"Cape Verde","Praia",14.917719444,-23.509155555
"Central African Republic","Bangui",4.37325,18.562833333
"Central African Republic","Bangui",4.37325,18.562833333
"Central African Republic","Bangui",4.37325,18.562833333
"Chad","N'Djamena",12.11,15.05
"Chad","N'Djamena",12.11,15.05
"Chad","N'Djamena",12.11,15.05
"Chile","Santiago",-33.4375,-70.65
"Chile","Santiago",-33.4375,-70.65
"Chile","Santiago",-33.4375,-70.65
"Colombia","Bogotá",4.60971,-74.08175
"Colombia","Bogotá",4.60971,-74.08175
"Comoros","Moroni",-11.703611111,43.253611111
"Comoros","Moroni",-11.703611111,43.253611111
"Comoros","Moroni",-11.703611111,43.253611111
"Comoros","Moroni",-11.703611111,43.253611111
"Conch Republic","Key West",24.559722222,-81.783611111
"Cook Islands","Avarua",-21.207,-159.771
"Cook Islands","Avarua",-21.207,-159.771
"Costa Rica","San José",9.932738888,-84.079613888
"Costa Rica","San José",9.932738888,-84.079613888
"Croatia","Zagreb",45.813055555,15.977222222
"Croatia","Zagreb",45.813055555,15.977222222
"Croatia","Zagreb",45.813055555,15.977222222
"Cuba","Havana",23.136666666,-82.358888888
"Cuba","Havana",23.136666666,-82.358888888
"Cuba","Havana",23.136666666,-82.358888888
"Curaçao","Willemstad",12.108,-68.935
"Curaçao","Willemstad",12.108,-68.935
"Cyprus","Nicosia",35.1725,33.365
"Cyprus","Nicosia",35.1725,33.365
"Czech Republic","Prague",50.0875,14.421388888
"Czech Republic","Prague",50.0875,14.421388888
"Czech Republic","Prague",50.0875,14.421388888
"Democratic Republic of the Congo","Kinshasa",-4.321944444,15.311944444
"Democratic Republic of the Congo","Kinshasa",-4.321944444,15.311944444
"Denmark","Copenhagen",55.676111111,12.568888888
"Denmark","Copenhagen",55.676111111,12.568888888
"Denmark","Copenhagen",55.676111111,12.568888888
"Denmark","Copenhagen",55.676111111,12.568888888
"Denmark–Norway","Oslo",59.913333333,10.738888888
"Denmark–Norway","Oslo",59.913333333,10.738888888
"Denmark–Norway","Copenhagen",55.676111111,12.568888888
"Denmark–Norway","Copenhagen",55.676111111,12.568888888
"Djibouti","Djibouti City",11.595,43.148055555
"Djibouti","Djibouti City",11.595,43.148055555
"Dominica","Roseau",15.3,-61.383333333
"Dominica","Roseau",15.3,-61.383333333
"Dominica","Roseau",15.3,-61.383333333
"Dominican Republic","Santo Domingo",18.4625,-69.936111111
"Dominican Republic","Santo Domingo",18.4625,-69.936111111
"Dominican Republic","Santo Domingo",18.4625,-69.936111111
"Dominican Republic","Santo Domingo",18.4625,-69.936111111
"Ecuador","Quito",-0.22,-78.5125
"Ecuador","Quito",-0.22,-78.5125
"Egypt","Cairo",30.044444444,31.235833333
"Egypt","Cairo",30.044444444,31.235833333
"Egypt","Cairo",30.044444444,31.235833333
"Egypt","Cairo",30.044444444,31.235833333
"El Salvador","San Salvador",13.697597222,-89.191155555
"El Salvador","San Salvador",13.697597222,-89.191155555
"Emirate of  Al Qawasim","Ras al-Khaimah",25.7851,55.9479
"Emirate of  Al Qawasim","Ras al-Khaimah",25.898611111,56.128333333
"Emirate of Lengeh","Bandar Lengeh",26.5620668,54.883817
"Empire of Vietnam","Huế",16.456111111,107.576388888
"Equatorial Guinea","Ciudad de la Paz",1.591666666,10.822222222
"Equatorial Guinea","Ciudad de la Paz",1.591666666,10.822222222
"Eritrea","Asmara",15.333333333,38.916666666
"Eritrea","Asmara",15.333333333,38.916666666
"Estonia","Tallinn",59.437222222,24.745
"Estonia","Tallinn",59.437222222,24.745
"Estonia","Tallinn",59.437222222,24.745
"Eswatini","Mbabane",-26.316666666,31.133333333
"Eswatini","Lobamba",-26.44648,31.206411
"Eswatini","Mbabane",-26.316666666,31.133333333
"Eswatini","Lobamba",-26.44648,31.206411
"Eswatini","Mbabane",-26.316666666,31.133333333
"Eswatini","Lobamba",-26.44648,31.206411
"Ethiopia","Addis Ababa",9.027222222,38.736944444
"Ethiopia","Addis Ababa",9.027222222,38.736944444
"Ethiopia","Addis Ababa",9.027222222,38.736944444
"Faroe Islands","Tórshavn",62.00981,-6.77135
"Fatimid Caliphate","Cairo",30.044444444,31.235833333
"Fatimid Caliphate","Al-Mansuriya",35.658055555,10.113888888
"Fatimid Caliphate","Mahdia",35.504722222,11.062222222
"Federal Islamic Republic of the Comoros","Moroni",-11.703611111,43.253611111
"Federated States of Micronesia","Palikir",6.917777777,158.185
"Federated States of Micronesia","Palikir",6.917777777,158.185
"Federated States of Micronesia","Palikir",6.917777777,158.185
"Fiji","Suva",-18.133333333,178.433333333
"Fiji","Suva",-18.133333333,178.433333333
"Fiji","Suva",-18.133333333,178.433333333
"Fiji","Suva",-18.133333333,178.433333333
"Filettino","Filettino",41.89131,13.32531
"Finland","Helsinki",60.170833333,24.9375
"Finland","Helsinki",60.170833333,24.9375
"Finland","Helsinki",60.170833333,24.9375
"First French Empire","Paris",48.856666666,2.352222222
"France","Paris",48.856666666,2.352222222
"France","Paris",48.856666666,2.352222222
"Gabon","Libreville",0.407777777,9.440277777
"Gabon","Libreville",0.407777777,9.440277777
"Georgia","Tbilisi",41.7225,44.7925
"Georgia","Tbilisi",41.7225,44.7925
"Georgia","Tbilisi",41.7225,44.7925
"Germany","Berlin",52.516666666,13.383333333
"Germany","Berlin",52.516666666,13.383333333
"Ghana","Accra",5.55602,-0.1969
"Ghana","Accra",5.55602,-0.1969
"Gibraltar","Gibraltar",36.14,-5.35
"Greece","Athens",37.984166666,23.728055555
"Greece","Athens",37.984166666,23.728055555
"Greenland","Nuuk",64.175,-51.733333333
"Greenland","Nuuk",64.175,-51.733333333
"Greenland","Nuuk",64.175,-51.733333333
"Grenada","St. George's",12.0525,-61.753055555
"Grenada","St. George's",12.0525,-61.753055555
"Grenada","St. George's",12.0525,-61.753055555
"Grenada","St. George's",12.0525,-61.753055555
"Grenada","St. George's",12.0525,-61.753055555
"Guatemala","Guatemala City",14.641666666,-90.513333333
"Guatemala","Guatemala City",14.641666666,-90.513333333
"Guinea","Conakry",9.509166666,-13.712222222
"Guinea","Conakry",9.509166666,-13.712222222
"Guinea-Bissau","Bissau",11.86,-15.583333333
"Guinea-Bissau","Bissau",11.86,-15.583333333
"Guyana","Georgetown",6.805833333,-58.150833333
"Guyana","Georgetown",6.805833333,-58.150833333
"Habsburg monarchy","Vienna",48.208333333,16.3725
"Haiti","Port-au-Prince",18.546944444,-72.340277777
"Haiti","Port-au-Prince",18.546944444,-72.340277777
"Haiti","Port-au-Prince",18.546944444,-72.340277777
"Holy Empire of Reunion","Saint-Denis",-20.878888888,55.448055555
"Honduras","Tegucigalpa",14.105783333,-87.204705555
"Honduras","Tegucigalpa",14.105783333,-87.204705555
"Hungary","Budapest",47.498333333,19.040833333
"Hungary","Budapest",47.498333333,19.040833333
"Hungary","Budapest",47.498333333,19.040833333
"Iceland","Reykjavík",64.1475,-21.935
"Iceland","Reykjavík",64.1475,-21.935
"Iceland","Reykjavík",64.1475,-21.935
"Ikikoku","Harunotsuji Site",33.759444,129.753222
"India","New Delhi",28.613888888,77.208888888
"India","New Delhi",28.613888888,77.208888888
"Indonesia","Jakarta",-6.175277777,106.826944444
"Indonesia","Jakarta",-6.175277777,106.826944444
"Indonesia","Jakarta",-6.175277777,106.826944444
"Indonesia","Jakarta",-6.175277777,106.826944444
"Iran","Tehran",35.688888888,51.389722222
"Iran","Tehran",35.688888888,51.389722222
"Iraq","Baghdad",33.315277777,44.366111111
"Iraq","Baghdad",33.315277777,44.366111111
"Ireland","Dublin",53.349722222,-6.260277777
"Ireland","Dublin",53.349722222,-6.260277777
"Ireland","Dublin",53.349722222,-6.260277777
"Israel","Jerusalem",31.778888888,35.225555555
"Israel","Jerusalem",31.778888888,35.225555555
"Italy","Rome",41.893055555,12.482777777
"Italy","Rome",41.893055555,12.482777777
"Ivory Coast","Yamoussoukro",6.816111111,-5.274166666
"Ivory Coast","Yamoussoukro",6.816111111,-5.274166666
"Jamaica","Kingston",17.971388888,-76.793055555
"Jamaica","Kingston",17.971388888,-76.793055555
"Jamaica","Kingston",17.971388888,-76.793055555
"Jamaica","Kingston",17.971388888,-76.793055555
"Jamaica","Kingston",17.971388888,-76.793055555
"Japan","Tokyo",35.689444444,139.691666666
"Japan","Tokyo",35.689444444,139.691666666
"Japan","Tokyo",35.689444444,139.691666666
"Jordan","Amman",31.95,35.933333333
"Jordan","Amman",31.95,35.933333333
"Kazakhstan","Astana",51.133333333,71.433333333
"Kazakhstan","Astana",51.133333333,71.433333333
"Kazakhstan","Astana",51.133333333,71.433333333
"Kazakhstan","Astana",51.133333333,71.433333333
"Kenya","Nairobi",-1.286388888,36.817222222
"Kenya","Nairobi",-1.286388888,36.817222222
"Khedivate of Egypt","Cairo",30.044444444,31.235833333
"Kingdom of Denmark","Copenhagen",55.676111111,12.568888888
"Kingdom of Denmark","Copenhagen",55.676111111,12.568888888
"Kingdom of Denmark","Copenhagen",55.676111111,12.568888888
"Kingdom of Egypt","Cairo",30.044444444,31.235833333
"Kingdom of Iceland","Reykjavík",64.1475,-21.935
"Kingdom of Navarre","Pamplona",42.816666666,-1.65
"Kingdom of Pontus","Amasya",40.65,35.833333333
"Kingdom of Pontus","Sinop",42.026666666,35.151111111
"Kingdom of Redonda","Redonda",16.938333333,-62.345
"Kingdom of Sedang","Kon Tum",14.341666666,107.979166666
"Kingdom of Sedang","Kon Tum",14.343611111,107.978888888
"Kingdom of Sedang","Kon Tum",14.354444444,108.0075
"Kingdom of the Netherlands","Amsterdam",52.366666666,4.883333333
"Kingdom of the Netherlands","Amsterdam",52.366666666,4.883333333
"Kingdom of the Netherlands","Amsterdam",52.366666666,4.883333333
"Kiribati","Tarawa",1.433333333,173
"Kiribati","South Tarawa",1.333333333,172.966666666
"Kiribati","Tarawa",1.433333333,173
"Kiribati","South Tarawa",1.333333333,172.966666666
"Kiribati","Tarawa",1.433333333,173
"Kiribati","South Tarawa",1.333333333,172.966666666
"Kiribati","Tarawa",1.433333333,173
"Kiribati","South Tarawa",1.333333333,172.966666666
"Kosovo","Pristina",42.666666666,21.166666666
"Kosovo","Pristina",42.666666666,21.166666666
"Kuwait","Kuwait City",29.375,47.98
"Kuwait","Kuwait City",29.375,47.98
"Kyrgyzstan","Bishkek",42.866666666,74.566666666
"Kyrgyzstan","Bishkek",42.866666666,74.566666666
"Kyrgyzstan","Bishkek",42.866666666,74.566666666
"Laos","Vientiane",17.98,102.63
"Laos","Vientiane",17.98,102.63
"Laos","Vientiane",17.98,102.63
"Latvia","Riga",56.9475,24.106944444
"Latvia","Riga",56.9475,24.106944444
"Latvia","Riga",56.9475,24.106944444
"Lebanon","Beirut",33.886944444,35.513055555
"Lebanon","Beirut",33.886944444,35.513055555
"Lebanon","Beirut",33.886944444,35.513055555
"Lesotho","Maseru",-29.31,27.48
"Lesotho","Maseru",-29.31,27.48
"Lesotho","Maseru",-29.31,27.48
"Liberia","Monrovia",6.310555555,-10.804722222
"Liberia","Monrovia",6.310555555,-10.804722222
"Libya","Tripoli",32.87519,13.18746
"Libya","Tripoli",32.87519,13.18746
"Libya","Tripoli",32.87519,13.18746
"Liechtenstein","Vaduz",47.140555555,9.522222222
"Liechtenstein","Vaduz",47.140555555,9.522222222
"Lithuania","Vilnius",54.687222222,25.28
"Lithuania","Vilnius",54.687222222,25.28
"Lithuania","Vilnius",54.687222222,25.28
"Luxembourg","Luxembourg",49.610555555,6.132777777
"Luxembourg","Luxembourg",49.610555555,6.132777777
"Luxembourg","Luxembourg",49.610555555,6.132777777
"Madagascar","Antananarivo",-18.91,47.525
"Madagascar","Antananarivo",-18.91,47.525
"Madagascar","Antananarivo",-18.91,47.525
"Malawi","Lilongwe",-13.96692,33.78725
"Malawi","Lilongwe",-13.96692,33.78725
"Malawi","Lilongwe",-13.96692,33.78725
"Malaysia","Kuala Lumpur",3.147777777,101.695277777
"Malaysia","Kuala Lumpur",3.147777777,101.695277777
"Maldives","Malé",4.175,73.508333333
"Maldives","Malé",4.175,73.508333333
"Maldives","Malé",4.175,73.508333333
"Maldives","Malé",4.175,73.508333333
"Mali","Bamako",12.645833333,-7.992222222
"Mali","Bamako",12.645833333,-7.992222222
"Mali","Bamako",12.645833333,-7.992222222
"Malta","Valletta",35.897777777,14.5125
"Malta","Valletta",35.897777777,14.5125
"Marshall Islands","Majuro",7.0918,171.3802
"Marshall Islands","Majuro",7.0918,171.3802
"Marshall Islands","Majuro",7.0918,171.3802
"Marshall Islands","Majuro",7.0918,171.3802
"Mauritania","Nouakchott",18.08581,-15.9785
"Mauritania","Nouakchott",18.08581,-15.9785
"Mauritius","Port Louis",-20.161944444,57.498888888
"Mauritius","Port Louis",-20.161944444,57.498888888
"Mauritius","Port Louis",-20.161944444,57.498888888
"Mauritius","Port Louis",-20.161944444,57.498888888
"Mexico","Mexico City",19.353773,-99.13589
"Mexico","Mexico City",19.353773,-99.13589
"Moldova","Chișinău",47.022777777,28.835277777
"Moldova","Chișinău",47.022777777,28.835277777
"Moldova","Chișinău",47.022777777,28.835277777
"Monaco","Monaco City",43.73097,7.424815
"Monaco","Monaco City",43.73097,7.424815
"Mongolia","Ulaanbaatar",47.921357,106.905515
"Mongolia","Ulaanbaatar",47.921357,106.905515
"Mongolia","Ulaanbaatar",47.921357,106.905515
"Montenegro","Podgorica",42.441388888,19.262777777
"Montenegro","Cetinje",42.389444444,18.924722222
"Montenegro","Podgorica",42.441388888,19.262777777
"Montenegro","Cetinje",42.389444444,18.924722222
"Montenegro","Podgorica",42.441388888,19.262777777
"Montenegro","Cetinje",42.389444444,18.924722222
"Morocco","Rabat",34.021111111,-6.841388888
"Morocco","Rabat",34.021111111,-6.841388888
"Morocco","Rabat",34.021111111,-6.841388888
"Mozambique","Maputo",-25.915277777,32.576388888
"Mozambique","Maputo",-25.915277777,32.576388888
"Murrawarri Republic","Barringun",-28.99343,145.71046
"Myanmar","Naypyidaw",19.7475,96.115
"Myanmar","Naypyidaw",19.7475,96.115
"Namibia","Windhoek",-22.57,17.083611111
"Namibia","Windhoek",-22.57,17.083611111
"Nauru","Yaren District",-0.5477,166.920867
"Nauru","Yaren District",-0.5477,166.920867
"Nauru","Yaren District",-0.5477,166.920867
"Neo-Assyrian Empire","Assur",35.456666666,43.2625
"Nepal","Kathmandu",27.71,85.32
"Nepal","Kathmandu",27.71,85.32
"Nepal","Kathmandu",27.71,85.32
"Netherlands","Amsterdam",52.366666666,4.883333333
"New Zealand","Wellington",-41.288888888,174.777222222
"New Zealand","Wellington",-41.288888888,174.777222222
"New Zealand","Wellington",-41.288888888,174.777222222
"New Zealand","Wellington",-41.288888888,174.777222222
"Nicaragua","Managua",12.154680555,-86.273725
"Nicaragua","Managua",12.154680555,-86.273725
"Niger","Niamey",13.515,2.1175
"Niger","Niamey",13.515,2.1175
"Niger","Niamey",13.515,2.1175
"Nigeria","Abuja",9.055555555,7.491388888
"Nigeria","Abuja",9.055555555,7.491388888
"Nisga'a Nation","Gitlaxt'aamiks",55.25,-129.083
"Niue","Alofi",-19.056,-169.921
"Niue","Alofi",-19.056,-169.921
"North Korea","Pyongyang",39.016666666,125.7475
"North Korea","Pyongyang",39.016666666,125.7475
"North Korea","Pyongyang",39.016666666,125.7475
"North Macedonia","Skopje",41.996111111,21.431666666
"North Macedonia","Skopje",41.996111111,21.431666666
"North Macedonia","Skopje",41.996111111,21.431666666
"North Sea Empire","Ribe",55.327222,8.763056
"Northern Cyprus","North Nicosia",35.19,33.363611111
"Northern Cyprus","North Nicosia",35.19,33.363611111
"Norway","Oslo",59.913333333,10.738888888
"Norway","Oslo",59.913333333,10.738888888
"Nova Roma","Rome",41.893055555,12.482777777
"Old Assyrian Empire","Assur",35.456666666,43.2625
"Oman","Muscat",23.613888888,58.592222222
"Oman","Muscat",23.613888888,58.592222222
"Pahlavi Iran","Tehran",35.688888888,51.389722222
"Pakistan","Islamabad",33.698888888,73.036944444
"Pakistan","Islamabad",33.698888888,73.036944444
"Palau","Ngerulmud",7.500556,134.624167
"Palau","Ngerulmud",7.500556,134.624167
"Palau","Ngerulmud",7.500556,134.624167
"Palestine","Ramallah",31.896944444,35.201666666
"Palestine","East Jerusalem",31.78336,35.23388
"Palestine","Ramallah",31.896944444,35.201666666
"Palestine","Ramallah",31.896944444,35.201666666
"Palestine","East Jerusalem",31.78336,35.23388
"Palestine","East Jerusalem",31.78336,35.23388
"Panama","Panama City",8.971111111,-79.534722222
"Panama","Panama City",8.971111111,-79.534722222
"Papua New Guinea","Port Moresby",-9.478888888,147.149444444
"Papua New Guinea","Port Moresby",-9.478888888,147.149444444
"Papua New Guinea","Port Moresby",-9.478888888,147.149444444
"Papua New Guinea","Port Moresby",-9.478888888,147.149444444
"Papua New Guinea","Port Moresby",-9.478888888,147.149444444
"Paraguay","Asunción",-25.28,-57.634444444
"Paraguay","Asunción",-25.28,-57.634444444
"People's Republic of China","Beijing",39.90403,116.407526
"People's Republic of China","Beijing",39.90403,116.407526
"Peru","Lima",-12.06,-77.0375
"Peru","Lima",-12.06,-77.0375
"Philippines","Manila",14.595833333,120.977222222
"Philippines","Manila",14.595833333,120.977222222
"Philippines","Manila",14.595833333,120.977222222
"Philippines","Manila",14.595833333,120.977222222
"Poland","Warsaw",52.23,21.011111111
"Poland","Warsaw",52.23,21.011111111
"Portugal","Lisbon",38.708042,-9.139016
"Portugal","Lisbon",38.708042,-9.139016
"Principality of Aigues-Mortes","Aigues-Mortes",43.566666666,4.1925
"Principality of Seborga","Seborga",43.826044444,7.693838888
"Principality of Seborga (historical)","Seborga",43.826044444,7.693838888
"Principality of Waldeck","Bad Arolsen",51.377777777,9.016666666
"Principality of Waldeck","Waldeck",51.2,9.066666666
"Qatar","Doha",25.286111111,51.529444444
"Qatar","Doha",25.286111111,51.529444444
"Republic of Formosa","Taipei Prefecture",25.047777777,121.531944444
"Republic of Formosa","Tainan Prefecture",22.983333333,120.183333333
"Republic of La Boca","La Boca",-34.635555555,-58.364722222
"Republic of Mosina","Mosina",52.243888888,16.850555555
"Republic of Perloja","Perloja",54.214444444,24.414444444
"Republic of Saint-Malo","Saint-Malo",48.649444444,-2.026111111
"Republic of Saugeais","Montbenoît",46.992777777,6.461944444
"Republic of Vevčani","Vevčani",41.240277777,20.593055555
"Republic of Whangamōmona","Whangamōmona",-39.145,174.739
"Republic of the Congo","Brazzaville",-4.269444444,15.271111111
"Republic of the Congo","Brazzaville",-4.269444444,15.271111111
"Romania","Bucharest",44.413361111,26.097777777
"Romania","Bucharest",44.413361111,26.097777777
"Russia","Moscow",55.750555555,37.6175
"Russia","Moscow",55.750555555,37.6175
"Russia","Moscow",55.750555555,37.6175
"Rwanda","Kigali",-1.9525,30.115
"Rwanda","Kigali",-1.9525,30.115
"Ryukyu Kingdom","Shuri",26.217005555,127.719422222
"Saint Kitts and Nevis","Basseterre",17.298333333,-62.734166666
"Saint Kitts and Nevis","Basseterre",17.298333333,-62.734166666
"Saint Kitts and Nevis","Basseterre",17.298333333,-62.734166666
"Saint Kitts and Nevis","Basseterre",17.298333333,-62.734166666
"Saint Lucia","Castries",13.9957,-61.00614
"Saint Lucia","Castries",14.016666666,-60.983333333
"Saint Lucia","Castries",13.9957,-61.00614
"Saint Lucia","Castries",14.016666666,-60.983333333
"Saint Lucia","Castries",13.9957,-61.00614
"Saint Lucia","Castries",14.016666666,-60.983333333
"Saint Lucia","Castries",13.9957,-61.00614
"Saint Lucia","Castries",14.016666666,-60.983333333
"Saint Vincent and the Grenadines","Kingstown",13.15527,-61.22742
"Saint Vincent and the Grenadines","Kingstown",13.166666666,-61.233333333
"Saint Vincent and the Grenadines","Kingstown",13.15527,-61.22742
"Saint Vincent and the Grenadines","Kingstown",13.166666666,-61.233333333
"Saint Vincent and the Grenadines","Kingstown",13.15527,-61.22742
"Saint Vincent and the Grenadines","Kingstown",13.166666666,-61.233333333
"Saint Vincent and the Grenadines","Kingstown",13.15527,-61.22742
"Saint Vincent and the Grenadines","Kingstown",13.166666666,-61.233333333
"Saint Vincent and the Grenadines","Kingstown",13.15527,-61.22742
"Saint Vincent and the Grenadines","Kingstown",13.166666666,-61.233333333
"Samoa","Apia",-13.833333333,-171.833333333
"Samoa","Apia",-13.833333333,-171.833333333
"Samoa","Apia",-13.833333333,-171.833333333
"San Marino","San Marino",43.932011111,12.44845
"San Marino","San Marino",43.932011111,12.44845
"San Marino","San Marino",43.932011111,12.44845
"San Marino","San Marino",43.932011111,12.44845
"San Marino","San Marino",43.932011111,12.44845
"Saudi Arabia","Riyadh",24.65,46.71
"Saudi Arabia","Riyadh",24.65,46.71
"Seleucid Empire","Babylon",32.5425,44.421111111
"Seleucid Empire","Antioch",36.204722222,36.181666666
"Seleucid Empire","Lysimachia",40.58,26.88
"Seleucid Empire","Seleucia",33.1,44.52
"Senegal","Dakar",14.672555555,-17.432
"Senegal","Dakar",14.672555555,-17.432
"Serbia","Belgrade",44.817777777,20.456944444
"Serbia","Belgrade",44.817777777,20.456944444
"Serbia","Belgrade",44.817777777,20.456944444
"Serbian Empire","Skopje",41.996111111,21.431666666
"Serbian Empire","Prizren",42.23,20.74
"Seventeen Provinces","City of Brussels",50.846666666,4.351666666
"Seychelles","Victoria",-4.623611111,55.454444444
"Seychelles","Victoria",-4.623611111,55.454444444
"Seychelles","Victoria",-4.623611111,55.454444444
"Seychelles","Victoria",-4.623611111,55.454444444
"Sierra Leone","Freetown",8.487222222,-13.235555555
"Sierra Leone","Freetown",8.487222222,-13.235555555
"Singapore","Singapore",1.3,103.8
"Singapore","Singapore",1.3,103.8
"Singapore","Singapore",1.3,103.8
"Sint Maarten","Philipsburg",18.024166666,-63.043333333
"Sint Maarten","Philipsburg",18.024166666,-63.043333333
"Slovakia","Bratislava",48.144722222,17.112777777
"Slovakia","Bratislava",48.144722222,17.112777777
"Slovakia","Bratislava",48.144722222,17.112777777
"Slovenia","Ljubljana",46.051388888,14.506111111
"Slovenia","Ljubljana",46.051388888,14.506111111
"Slovenia","Ljubljana",46.051388888,14.506111111
"Solomon Islands","Honiara",-9.433333,159.95
"Solomon Islands","Honiara",-9.433333,159.95
"Solomon Islands","Honiara",-9.433333,159.95
"Solomon Islands","Honiara",-9.433333,159.95
"Solomon Islands","Honiara",-9.433333,159.95
"Somalia","Mogadishu",2.039166666,45.341944444
"Somalia","Mogadishu",2.039166666,45.341944444
"Somaliland","Hargeisa",9.565556,44.060556
"South Africa","Pretoria",-25.746388888,28.188055555
"South Africa","Cape Town",-33.925277777,18.423888888
"South Africa","Bloemfontein",-29.1,26.216666666
"South Africa","Pretoria",-25.746388888,28.188055555
"South Africa","Cape Town",-33.925277777,18.423888888
"South Africa","Bloemfontein",-29.1,26.216666666
"South Korea","Seoul",37.56,126.99
"South Korea","Seoul",37.56,126.99
"South Ossetia","Tskhinval",42.225661,43.970072
"South Sudan","Juba",4.853888888,31.5825
"South Sudan","Juba",4.853888888,31.5825
"South Sudan","Juba",4.853888888,31.5825
"Sovereign State of the Bektashi Order","World Headquarters of the Bektashi",41.33134,19.85012
"Sovereign State of the Bektashi Order","World Headquarters of the Bektashi",41.33134,19.85012
"Spain","Madrid",40.416944444,-3.703333333
"Spain","Madrid",40.416944444,-3.703333333
"Spain","Madrid",40.416944444,-3.703333333
"Spain","Madrid",40.416944444,-3.703333333
"Spanish Netherlands","Coop of Brussels",50.846680555,4.3525
"Sri Lanka","Colombo",6.926666666,79.860555555
"Sri Lanka","Sri Jayawardenepura Kotte",6.9,79.916388888
"Sri Lanka","Colombo",6.926666666,79.860555555
"Sri Lanka","Sri Jayawardenepura Kotte",6.9,79.916388888
"Sri Lanka","Colombo",6.926666666,79.860555555
"Sri Lanka","Sri Jayawardenepura Kotte",6.9,79.916388888
"State of Muskogee","San Marcos de Apalache Historic State Park",30.155,-84.211111
"State of Muskogee","Miccosukee",30.594722222,-84.041388888
"State of Scott","Huntsville",36.4108,-84.495
"Sudan","Khartoum",15.60308,32.52654
"Sudan","Khartoum",15.60308,32.52654
"Sultanate of Egypt","Cairo",30.044444444,31.235833333
"Sultanate of Mogadishu","Mogadishu",2.039166666,45.341944444
"Sunda Empire","Bandung",-6.921845833,107.607083055
"Suriname","Paramaribo",5.866666666,-55.166666666
"Suriname","Paramaribo",5.866666666,-55.166666666
"Sweden","Stockholm",59.329444444,18.068611111
"Sweden","Stockholm",59.329444444,18.068611111
"Swedish overseas colonies","Stockholm",59.329444444,18.068611111
"Switzerland","Bern",46.94798,7.44743
"Switzerland","Bern",46.94798,7.44743
"Switzerland","Bern",46.94798,7.44743
"Syria","Damascus",33.513055555,36.291944444
"Syria","Damascus",33.513055555,36.291944444
"Syria","Damascus",33.513055555,36.291944444
"São Tomé and Príncipe","São Tomé",0.3375,6.728333333
"São Tomé and Príncipe","São Tomé",0.3375,6.728333333
"São Tomé and Príncipe","São Tomé",0.3375,6.728333333
"São Tomé and Príncipe","São Tomé",0.3375,6.728333333
"Taiwan","Taipei",25.0375,121.5625
"Taiwan","Taipei",25.0375,121.5625
"Taiwan","Taipei",25.0375,121.5625
"Tajikistan","Dushanbe",38.573055555,68.786388888
"Tajikistan","Dushanbe",38.573055555,68.786388888
"Tajikistan","Dushanbe",38.573055555,68.786388888
"Tanzania","Dodoma",-6.1835,35.746
"Tanzania","Dodoma",-6.1835,35.746
"Thailand","Bangkok",13.75,100.516666666
"Thailand","Bangkok",13.75,100.516666666
"The Bahamas","Nassau",25.078055555,-77.338611111
"The Bahamas","Nassau",25.078055555,-77.338611111
"The Bahamas","Nassau",25.078055555,-77.338611111
"The Bahamas","Nassau",25.078055555,-77.338611111
"The Gambia","Banjul",13.453055555,-16.5775
"The Gambia","Banjul",13.453055555,-16.5775
"Timor-Leste","Dili",-8.553611111,125.578333333
"Timor-Leste","Dili",-8.553611111,125.578333333
"Timor-Leste","Dili",-8.553611111,125.578333333
"Togo","Lomé",6.13,1.215833333
"Togo","Lomé",6.13,1.215833333
"Tonga","Nukuʻalofa",-21.1343401,-175.201808
"Tonga","Nukuʻalofa",-21.1343401,-175.201808
"Tonga","Nukuʻalofa",-21.1343401,-175.201808
"Transnistria","Tiraspol",46.85,29.63333333
"Trinidad and Tobago","Port of Spain",10.666666666,-61.516666666
"Trinidad and Tobago","Port of Spain",10.666666666,-61.516666666
"Trinidad and Tobago","Port of Spain",10.666666666,-61.516666666
"Trinidad and Tobago","Port of Spain",10.666666666,-61.516666666
"Tunisia","Tunis",36.800833333,10.18
"Tunisia","Tunis",36.800833333,10.18
"Tunisia","Tunis",36.800833333,10.18
"Turkey","Ankara",39.93576,32.83869
"Turkey","Ankara",39.93576,32.83869
"Turkey","Ankara",39.93576,32.83869
"Turkey","Ankara",39.93576,32.83869
"Turkey","Ankara",39.93576,32.83869
"Turkmenistan","Ashgabat",37.95,58.383333333
"Turkmenistan","Ashgabat",37.95,58.383333333
"Turkmenistan","Ashgabat",37.95,58.383333333
"Tuvalu","Funafuti",-8.504777777,179.117361111
"Tuvalu","Funafuti",-8.504777777,179.117361111
"Tuvalu","Funafuti",-8.504777777,179.117361111
"Tuvalu","Funafuti",-8.504777777,179.117361111
"Tuvalu","Funafuti",-8.504777777,179.117361111
"Uganda","Kampala",0.313611111,32.581111111
"Uganda","Kampala",0.313611111,32.581111111
"Uganda","Kampala",0.313611111,32.581111111
"Ukraine","Kyiv",50.45,30.523611111
"Ukraine","Kyiv",50.45,30.523611111
"Union between Sweden and Norway","Stockholm",59.329444444,18.068611111
"United Arab Emirates","Abu Dhabi",24.451111111,54.396944444
"United Arab Emirates","Abu Dhabi",24.451111111,54.396944444
"United Kingdom","London",51.507222222,-0.1275
"United Kingdom","London",51.507222222,-0.1275
"United Kingdom","London",51.507222222,-0.1275
"United Kingdom","London",51.507222222,-0.1275
"United States","Washington, D.C.",38.895,-77.036666666
"United States","Washington, D.C.",38.895,-77.036666666
"Uruguay","Montevideo",-34.905916666,-56.191311111
"Uruguay","Montevideo",-34.905916666,-56.191311111
"Uzbekistan","Tashkent",41.311111111,69.279722222
"Uzbekistan","Tashkent",41.311111111,69.279722222
"Uzbekistan","Tashkent",41.311111111,69.279722222
"Vanuatu","Port Vila",-17.73333,168.316667
"Vanuatu","Port Vila",-17.73333,168.316667
"Vanuatu","Port Vila",-17.73333,168.316667
"Vanuatu","Port Vila",-17.73333,168.316667
"Venezuela","Caracas",10.506111111,-66.914444444
"Venezuela","Caracas",10.506111111,-66.914444444
"Vietnam","Hanoi",21.0245,105.84117
"Vietnam","Hanoi",21.0245,105.84117
"Wari Empire","Huari",-9.347222222,-77.170833333
"Westarctica","Peter I Island",-68.85,-90.583333333
"Yemen","Sanaa",15.35,44.2
"Yemen","Aden",12.8,45.033333333
"Yemen","Sanaa",15.35,44.2
"Yemen","Aden",12.8,45.033333333
"Zambia","Lusaka",-15.416666666,28.283333333
"Zambia","Lusaka",-15.416666666,28.283333333
"Zambia","Lusaka",-15.416666666,28.283333333
"Zimbabwe","Harare",-17.829166666,31.052222222
"Zimbabwe","Harare",-17.829166666,31.052222222
"Zimbabwe","Harare",-17.829166666,31.052222222
"realm of the United Kingdom","London",51.507222222,-0.1275
"realm of the United Kingdom","London",51.507222222,-0.1275
"unification of Moldova and Romania","Bucharest",44.413361111,26.097777777